colony_id,prot_ug,prot_ug.cm2,timepoint
ACR-435,24301.909435041063,439.6581374545848,JUNE
ACR-437,16914.985542384966,956.0818526948743,JUNE
ACR-456,28303.706285792785,976.1809495379733,JUNE
ACR-460,33906.6408497158,1079.3458395048895,JUNE
ACR-461,17834.420711292096,916.0652820472172,JUNE
ACR-462,16972.81524816391,664.7358231436893,JUNE
